sequence,cond_count,cond_p50,cond_p95,cond_p99,cond_max,threshold,n_above_threshold,ape_baseline,ape_downgrade,ape_ratio
00,4540,3.0661907150071777,5.514407782775916,7.059553514450691,8.96097152123501,5.514407782775916,227,10.576949919273101,10.551605224080463,0.9976037803538754
01,1100,12.377943694375407,45.13102835304246,80.06350894213413,127.97333866782286,5.514407782775916,1078,116.80364123769321,116.80364123769318,0.9999999999999998
